αs,params,chi2/dof
0.118,[0.82595 2.81906 1.21388 1.4799 ],2.233712946354877
0.118,[0.8415  2.72009 1.17105 1.29628],1.9188947131912861
0.118,[0.83608 2.74075 1.18597 1.3654 ],1.6043664977660288
0.118,[0.84268 2.75115 1.17163 1.31089],2.2859869016696055
0.118,[0.82055 2.82381 1.20897 1.48338],2.1437920596342317
0.118,[0.84567 2.68964 1.17096 1.31484],2.0485807502769178
0.118,[0.82924 2.82303 1.21629 1.47568],1.6110023702878344
0.118,[0.84478 2.69423 1.16801 1.29464],1.8667164529892943
0.118,[0.84031 2.79465 1.18853 1.30644],1.702300145810982
0.118,[0.83972 2.8207  1.18732 1.24227],2.3846990029687016
0.118,[0.83383 2.7794  1.19276 1.36569],2.2481137608622617
0.118,[0.83884 2.70109 1.16002 1.36949],1.9682720689722584
0.118,[0.82989 2.68011 1.18772 1.47256],2.306322468667394
0.118,[0.81833 2.87109 1.23734 1.51312],2.142567560867556
0.118,[0.84873 2.6612  1.1577  1.30319],2.381579376479628
0.118,[0.82795 2.79665 1.21015 1.41886],2.0345889378531785
0.118,[0.84463 2.82301 1.18617 1.30998],2.184956256647801
0.118,[0.82435 2.897   1.22568 1.45201],2.1425657554121265
0.118,[0.82697 2.81739 1.19477 1.44463],2.208064210837545
0.118,[0.84124 2.77851 1.17817 1.28368],2.1024268225962905
0.118,[0.82868 2.82075 1.20874 1.42143],2.179131756075982
0.118,[0.84011 2.80255 1.19233 1.32573],1.7974276045540252
0.118,[0.83308 2.8407  1.20177 1.32717],2.4383495764019867
0.118,[0.8209  2.81845 1.2113  1.51824],2.5325276172840097
0.118,[0.83293 2.73557 1.17495 1.39724],2.1462923149617605
0.118,[0.83434 2.80402 1.2003  1.39097],1.7930608335409153
0.118,[0.84692 2.67993 1.14464 1.28358],2.550105496916648
0.118,[0.84376 2.73546 1.17061 1.28622],2.417647625009925
0.118,[0.83418 2.80901 1.19464 1.39947],2.800491840283431
0.118,[0.83646 2.73714 1.18619 1.38225],2.2464979585871956
0.118,[0.83892 2.83551 1.18812 1.29484],2.210238438219338
0.118,[0.84175 2.76628 1.18355 1.32168],2.3458466569834577
0.118,[0.83943 2.77644 1.19059 1.3584 ],1.8947534614253831
0.118,[0.83668 2.74019 1.18966 1.31688],2.2015382100908445
0.118,[0.83748 2.72415 1.1875  1.37554],2.334762385999174
0.118,[0.83174 2.80463 1.20757 1.38225],1.9398645261873153
0.118,[0.83626 2.795   1.17804 1.3731 ],2.1027853043758125
0.118,[0.84355 2.76324 1.17657 1.31383],2.3128783981833734
0.118,[0.83015 2.78796 1.19201 1.39386],2.5144637153129166
0.118,[0.82946 2.75243 1.18093 1.41586],2.08967665944935
0.118,[0.83512 2.78647 1.1897  1.30785],2.2729266440474563
0.118,[0.83797 2.77261 1.18159 1.37173],1.8908057377409155
0.118,[0.83922 2.80483 1.19105 1.30151],2.0917282950448093
0.118,[0.83754 2.75908 1.17791 1.36693],2.586062044576051
0.118,[0.82344 2.80798 1.20323 1.48543],2.246229009687071
0.118,[0.82474 2.74129 1.19855 1.48924],2.083712498204428
0.118,[0.83744 2.79479 1.20125 1.33791],2.073436514044836
0.118,[0.83647 2.84396 1.19551 1.30074],2.0661825770230924
0.118,[0.82748 2.80388 1.20247 1.47764],2.42498635876947
0.118,[0.83719 2.76636 1.19261 1.42275],1.8199719652809232
0.118,[0.83374 2.75488 1.1999  1.44976],2.003547261495769
0.118,[0.83508 2.7686  1.19    1.39235],2.7336504329647533
0.118,[0.83806 2.73443 1.18162 1.41024],2.2598132603027596
0.118,[0.84275 2.72482 1.16467 1.31333],2.0593547602501134
0.118,[0.82887 2.79024 1.20306 1.39367],2.628223282829372
0.118,[0.83851 2.80046 1.1875  1.31945],2.03567281070135
0.118,[0.83248 2.7958  1.19931 1.34271],1.9445395212522898
0.118,[0.83525 2.77362 1.20413 1.36219],1.7834675740551342
0.118,[0.84062 2.75847 1.18753 1.38854],2.6991976461210174
0.118,[0.83009 2.83636 1.19116 1.35104],2.327559068853993
0.118,[0.83851 2.75521 1.17852 1.35131],2.2220733009784714
0.118,[0.83813 2.84123 1.18246 1.32911],2.536873320364134
0.118,[0.84192 2.7439  1.17826 1.34562],2.209693098046784
0.118,[0.82826 2.82882 1.2076  1.3703 ],2.2839486424062905
0.118,[0.83104 2.81394 1.18898 1.39346],1.9396826963749276
0.118,[0.8285  2.81411 1.19807 1.38181],2.5236650238842953
0.118,[0.83265 2.80193 1.20843 1.42216],2.247997074023483
0.118,[0.82626 2.7653  1.20116 1.49215],2.3095886726484767
0.118,[0.83772 2.73994 1.18783 1.32096],2.0339221398795
0.118,[0.83795 2.78533 1.19226 1.34212],2.3100864640172927
0.118,[0.84172 2.7504  1.18311 1.34789],1.6656873087820492
0.118,[0.82889 2.88011 1.21745 1.37134],2.0501110155292768
0.118,[0.83837 2.75977 1.16797 1.32373],2.400388344143113
0.118,[0.8373  2.77063 1.19207 1.32055],2.216333860124154
0.118,[0.8376  2.69316 1.17665 1.34781],2.232583391334901
0.118,[0.8292  2.82038 1.20847 1.4644 ],2.0326257197931286
0.118,[0.83407 2.84286 1.20941 1.38923],2.1864785950424834
0.118,[0.84124 2.78968 1.1863  1.31133],2.279187871589437
0.118,[0.83868 2.69632 1.19537 1.47889],2.201765992261674
0.118,[0.8368  2.71042 1.19898 1.40549],2.9323888530180073
0.118,[0.84495 2.78048 1.16924 1.23764],2.3420321349722077
0.118,[0.82412 2.7693  1.19649 1.44994],2.3722553922374567
0.118,[0.83047 2.82021 1.20932 1.43784],2.2474112168380196
0.118,[0.82858 2.81864 1.19902 1.43736],2.258356379001935
0.118,[0.83773 2.81444 1.18708 1.32037],2.0475184958038497
0.118,[0.83235 2.78531 1.2135  1.41981],2.289004549270284
0.118,[0.82635 2.82068 1.20656 1.42906],2.5792956138895415
0.118,[0.82631 2.80276 1.2124  1.42062],2.155827354305184
0.118,[0.83601 2.75367 1.18739 1.40098],2.2492866155223292
0.118,[0.83534 2.80908 1.19384 1.36471],2.7030241966282134
0.118,[0.83598 2.75129 1.17935 1.31151],2.880461645079836
0.118,[0.83745 2.68863 1.17858 1.32416],2.1611655979933535
0.118,[0.82678 2.8189  1.20729 1.40423],2.33911360866581
0.118,[0.83386 2.74891 1.19139 1.40063],2.157017937385281
0.118,[0.833   2.75614 1.18921 1.39322],2.1120705306652847
0.118,[0.83673 2.80555 1.191   1.30216],2.2018724695545626
0.118,[0.83641 2.7683  1.19864 1.36893],1.9652902893800348
0.118,[0.83266 2.79351 1.1884  1.3697 ],2.2824408148563555
0.118,[0.8281  2.75003 1.19667 1.4747 ],2.5204265616021684
0.118,[0.83778 2.69495 1.17387 1.39911],2.1735524219338873
0.118,[0.84533 2.7155  1.17029 1.30791],1.9730503528104795
0.118,[0.82661 2.82888 1.21667 1.42415],2.2497164725390166
0.118,[0.83439 2.84553 1.20009 1.35121],2.2813844276002224
0.118,[0.84222 2.75398 1.17127 1.31841],2.6140833494552
0.118,[0.8378  2.74992 1.19842 1.3542 ],2.2076136683301244
0.118,[0.83145 2.76262 1.18164 1.40645],2.29679177414068
0.118,[0.84484 2.71664 1.15839 1.21269],2.391236111747045
0.118,[0.83383 2.82386 1.20605 1.38656],2.493506381474224
0.118,[0.83283 2.79527 1.18882 1.39778],2.2112557376360593
0.118,[0.83601 2.73701 1.19177 1.36132],2.2576604859105376
0.118,[0.83545 2.80257 1.19866 1.37969],2.444422334293663
0.118,[0.8264  2.82219 1.21058 1.43898],2.054555448170915
0.118,[0.83174 2.73464 1.18763 1.3768 ],2.0482574760617966
0.118,[0.83429 2.81151 1.18865 1.36537],1.980667315601703
0.118,[0.83989 2.81254 1.17465 1.33178],2.2250524732224894
0.118,[0.83938 2.75323 1.17938 1.3293 ],2.0470949975558073
0.118,[0.8378  2.79676 1.18756 1.37819],1.9938722264325617
0.118,[0.83303 2.79284 1.19027 1.39264],2.173475448715732
0.118,[0.83755 2.79582 1.18185 1.30351],2.127949711243279
0.118,[0.83773 2.72961 1.19216 1.33905],2.227603698644211
0.118,[0.83356 2.67164 1.17079 1.42523],1.9274789929306075
0.118,[0.8303  2.73013 1.17944 1.41923],1.6598882658702367
0.118,[0.83071 2.82614 1.20465 1.34699],1.9527656659573165
0.118,[0.83715 2.78188 1.19223 1.38832],2.111903266430158
0.118,[0.83086 2.80565 1.19526 1.3815 ],2.000844258433674
0.118,[0.82124 2.72668 1.19634 1.51568],2.239912357775371
0.118,[0.83061 2.84119 1.19813 1.33871],2.1493469435433097
0.118,[0.84427 2.72929 1.1781  1.30383],2.2559740347280868
0.118,[0.8481  2.70813 1.15836 1.29203],2.682497298128719
0.118,[0.84233 2.7417  1.17933 1.32284],2.2492673195789985
0.118,[0.83518 2.88707 1.20662 1.342  ],2.4999735230655213
0.118,[0.84638 2.69929 1.16592 1.25669],2.1870347766801923
0.118,[0.8304  2.87453 1.21482 1.36937],2.190423468255669
0.118,[0.83216 2.73812 1.19987 1.38806],2.5149448456147536
0.118,[0.83573 2.74131 1.17069 1.3823 ],2.417927575912242
0.118,[0.8316  2.85433 1.20556 1.38016],2.1523588039886463
0.118,[0.82926 2.77777 1.20559 1.43852],2.214793081075116
0.118,[0.83636 2.76777 1.19193 1.34855],2.1766677657369446
0.118,[0.83673 2.81872 1.20259 1.35858],2.004032206323479
0.118,[0.83402 2.72985 1.18798 1.42766],2.0525443255048534
0.118,[0.82857 2.7688  1.19015 1.43035],2.125320808004084
0.118,[0.8377  2.67399 1.18314 1.36975],2.4408073950428877
0.118,[0.82286 2.77499 1.20921 1.48009],2.1249128740108207
0.118,[0.82864 2.72448 1.19047 1.42999],2.2620708762203434
0.118,[0.83126 2.78963 1.20072 1.39813],2.2954153015262215
0.118,[0.83803 2.74324 1.17692 1.38081],2.27738848725092
0.118,[0.83098 2.74147 1.20793 1.48869],2.166849323708713
0.118,[0.83543 2.732   1.17377 1.37671],2.1818346917670284
0.118,[0.8423  2.76291 1.18578 1.32105],2.114985570632444
0.118,[0.84208 2.73784 1.16754 1.3214 ],2.242597485007397
0.118,[0.84257 2.75236 1.15831 1.2731 ],1.9024851744680065
0.118,[0.82841 2.83864 1.21599 1.44039],2.0271621588285273
0.118,[0.84295 2.78917 1.19761 1.3451 ],1.9097140647387074
0.118,[0.84    2.79983 1.18408 1.30948],2.4024823251311003
0.118,[0.8374  2.80246 1.20078 1.36119],2.2187939265059065
0.118,[0.83025 2.73077 1.1793  1.43514],2.1009488973447406
0.118,[0.82727 2.85779 1.21742 1.43647],2.188013905364635
0.118,[0.83591 2.78729 1.20451 1.34779],1.719183648910419
0.118,[0.83903 2.77036 1.18504 1.27928],2.2017429092933374
0.118,[0.832   2.7629  1.20359 1.46057],2.0837876859275566
0.118,[0.83035 2.77942 1.2003  1.42045],1.901902943969635
0.118,[0.8421  2.8035  1.19693 1.32108],2.328439895083546
0.118,[0.83151 2.88203 1.20229 1.31503],1.94641030295043
0.118,[0.83905 2.76937 1.19666 1.36996],2.416920783339802
0.118,[0.83528 2.80429 1.18321 1.36184],2.1526584979862236
0.118,[0.83258 2.76495 1.20498 1.41231],2.0508362374693614
0.118,[0.82551 2.80422 1.20797 1.4159 ],2.2227970941816766
0.118,[0.84053 2.78553 1.19293 1.24529],2.2606409070203286
0.118,[0.82945 2.8109  1.20556 1.39931],2.1791403777140466
0.118,[0.83505 2.73274 1.19099 1.40916],2.136163523690487
0.118,[0.84278 2.68006 1.17325 1.33191],2.3293497824999867
0.118,[0.83878 2.74544 1.16646 1.30963],2.451489320244151
0.118,[0.83115 2.71274 1.19003 1.40241],2.1786705958383954
0.118,[0.83249 2.80567 1.20447 1.40573],2.3217722453760747
0.118,[0.83694 2.76886 1.19726 1.36934],2.3159114231103737
0.118,[0.82618 2.81135 1.202   1.45568],2.1529295899995082
0.118,[0.83399 2.80456 1.19184 1.33419],1.9869082372535678
0.118,[0.83488 2.82999 1.20355 1.38816],2.378440396466455
0.118,[0.83656 2.80574 1.20426 1.38007],1.520290996296796
0.118,[0.83382 2.70394 1.18859 1.45022],1.9943773869429617
0.118,[0.83472 2.8104  1.19965 1.32966],2.205169290501784
0.118,[0.83174 2.76081 1.18375 1.42439],1.9939927628646916
0.118,[0.8302  2.73166 1.19899 1.45913],1.9473470803510542
0.118,[0.8239  2.85799 1.22279 1.45583],1.8105447021978862
0.118,[0.83232 2.81162 1.19749 1.34588],2.0900694012829684
0.118,[0.84117 2.71153 1.18361 1.38019],2.095314090400343
0.118,[0.83277 2.74416 1.20434 1.42232],2.4156086835273327
0.118,[0.83819 2.76919 1.18233 1.33678],2.0213302293735564
0.118,[0.84424 2.76787 1.18258 1.26453],2.3139619607018993
0.118,[0.83308 2.83083 1.19729 1.35741],2.340811082208874
0.118,[0.84568 2.72002 1.17178 1.30287],2.2139948962147344
0.118,[0.83027 2.81182 1.21021 1.43945],2.008404580094746
0.118,[0.83656 2.77676 1.18136 1.27973],2.334708111451685
0.118,[0.83971 2.8289  1.19057 1.33301],2.06881496234237
0.118,[0.83609 2.76499 1.1886  1.39156],1.7942776840245807
0.118,[0.82886 2.78871 1.18829 1.29386],2.5750640821298063
0.118,[0.82855 2.84968 1.19269 1.3839 ],1.9241540026099553
0.118,[0.82928 2.82737 1.21069 1.41492],2.5213098186314697
0.118,[0.83681 2.71334 1.17572 1.397  ],2.6279243078812207
0.118,[0.8415  2.75195 1.16635 1.29944],2.4679407820591175
