αs,params,chi2/dof,ratios_list
0.11195,[ 3.08365 -0.91708 -0.43962],1.9454324280095057,"{'μS_ratio': 0.7030735198649436, 'μJ_ratio': 1.2231423395440464, 'νS_ratio': 1.134893471124658, 'νJ_ratio': 1.9397181877510075, 'μH_ratio': 0.7596753645387869, 'bmax_ratio': 0.9265815567760359}"
0.11431,[ 3.07864 -0.80762 -0.29816],1.963705224712774,"{'μS_ratio': 0.9810789745095144, 'μJ_ratio': 0.7326841850490307, 'νS_ratio': 0.7130809238272388, 'νJ_ratio': 1.194059852210545, 'μH_ratio': 0.9964955881522015, 'bmax_ratio': 1.1064550895769378}"
0.11311,[ 3.06959 -0.77968 -0.28933],1.9459839259947633,"{'μS_ratio': 0.5894918027607882, 'μJ_ratio': 0.6914844155122862, 'νS_ratio': 0.5643214132870837, 'νJ_ratio': 0.8214640842602972, 'μH_ratio': 0.6446547809431744, 'bmax_ratio': 0.6890189069397856}"
0.11308,[ 3.07715 -0.84282 -0.34225],1.9554045428032027,"{'μS_ratio': 0.613740011890609, 'μJ_ratio': 0.8900014021478327, 'νS_ratio': 0.6075349256458518, 'νJ_ratio': 0.6154746695858974, 'μH_ratio': 1.2200571000447362, 'bmax_ratio': 1.369302599956708}"
0.11204,[ 3.08186 -0.9174  -0.43887],1.9506764430678858,"{'μS_ratio': 0.7058159069460817, 'μJ_ratio': 1.1564183346637513, 'νS_ratio': 0.5657736614275135, 'νJ_ratio': 1.0602585778293911, 'μH_ratio': 0.8200999096015954, 'bmax_ratio': 1.3250096300085519}"
0.11404,[ 3.07115 -0.73636 -0.25161],1.9622534451565024,"{'μS_ratio': 0.5991817426458182, 'μJ_ratio': 0.6872308128485854, 'νS_ratio': 1.0802606617499921, 'νJ_ratio': 0.6428676809742765, 'μH_ratio': 1.330540964261405, 'bmax_ratio': 0.7107400121847662}"
0.11254,[ 3.07837 -0.86163 -0.3604 ],1.9305703456105794,"{'μS_ratio': 0.5461453796406954, 'μJ_ratio': 1.0660584392672594, 'νS_ratio': 1.0724397865582582, 'νJ_ratio': 1.0266709970124244, 'μH_ratio': 0.6071159489550514, 'bmax_ratio': 0.9147015539661305}"
0.12006,[ 3.05905 -0.84023 -0.32836],1.938804429859579,"{'μS_ratio': 1.8419520560615106, 'μJ_ratio': 1.2366342661270386, 'νS_ratio': 1.9852943680158084, 'νJ_ratio': 1.3765154147864087, 'μH_ratio': 1.3386927608189425, 'bmax_ratio': 1.2434606034629083}"
0.11548,[ 3.08201 -0.68358 -0.20571],1.9951094936780815,"{'μS_ratio': 1.066346519004278, 'μJ_ratio': 0.6279481949904355, 'νS_ratio': 1.2421246209216776, 'νJ_ratio': 1.2582505987646655, 'μH_ratio': 1.2037662192952483, 'bmax_ratio': 0.9673280116319152}"
0.11378,[ 3.07992 -0.9348  -0.44549],1.9473611094061114,"{'μS_ratio': 1.1221960065614156, 'μJ_ratio': 1.6903137112506224, 'νS_ratio': 1.372270135629571, 'νJ_ratio': 0.9938003715316486, 'μH_ratio': 1.472209261673805, 'bmax_ratio': 1.3632672284269958}"
0.11857,[ 3.08293 -0.88365 -0.38212],1.951131834751911,"{'μS_ratio': 1.7654457447247007, 'μJ_ratio': 1.8509210803804792, 'νS_ratio': 1.0763430304899504, 'νJ_ratio': 1.8758945860708676, 'μH_ratio': 0.9291042230016113, 'bmax_ratio': 0.6985482619151214}"
0.11887,[ 3.01914 -0.6962  -0.32396],1.9258517398213766,"{'μS_ratio': 1.5840142671444455, 'μJ_ratio': 0.9097727765631205, 'νS_ratio': 1.3082587238183825, 'νJ_ratio': 1.5431662504367911, 'μH_ratio': 0.5918790208446923, 'bmax_ratio': 0.8703788707644591}"
0.11564,[ 3.08734 -0.92082 -0.42794],1.9350684176215982,"{'μS_ratio': 1.424984766659259, 'μJ_ratio': 1.4905150957146838, 'νS_ratio': 1.3369506482540208, 'νJ_ratio': 1.845393657783853, 'μH_ratio': 1.8389525238524371, 'bmax_ratio': 1.0811727180756368}"
0.11271,[ 3.06388 -0.86212 -0.46547],1.9613843602796073,"{'μS_ratio': 0.7116015556326681, 'μJ_ratio': 1.4119605679512985, 'νS_ratio': 0.5538362125734998, 'νJ_ratio': 0.7384571267059765, 'μH_ratio': 1.063184774274934, 'bmax_ratio': 0.8038051524709706}"
0.11392,[ 3.06644 -0.72022 -0.23757],1.9809332518070464,"{'μS_ratio': 0.8113440929961618, 'μJ_ratio': 0.5480489686932486, 'νS_ratio': 0.7790505778523026, 'νJ_ratio': 0.6547581418546834, 'μH_ratio': 0.7977975780241822, 'bmax_ratio': 1.4277607782708233}"
0.11324,[ 3.07631 -0.828   -0.33142],1.9456516188288642,"{'μS_ratio': 0.8305184923529115, 'μJ_ratio': 0.7752627741908951, 'νS_ratio': 0.8021625878398221, 'νJ_ratio': 1.1432661990535318, 'μH_ratio': 0.6763853301181327, 'bmax_ratio': 0.6887682073827467}"
0.12001,[ 3.06397 -0.84877 -0.33892],1.9371869186108204,"{'μS_ratio': 1.8741838732571443, 'μJ_ratio': 1.4257251324480946, 'νS_ratio': 1.6532417479918067, 'νJ_ratio': 1.0882063701640443, 'μH_ratio': 1.6633764306163612, 'bmax_ratio': 0.6796760166804072}"
0.11233,[ 3.08011 -0.87792 -0.37482],1.9358675191125363,"{'μS_ratio': 0.6318415894726916, 'μJ_ratio': 1.0926248609233808, 'νS_ratio': 0.9018229896566488, 'νJ_ratio': 0.5342509396886174, 'μH_ratio': 0.6084209265103582, 'bmax_ratio': 1.4076298199511692}"
0.11258,[ 3.07982 -0.8755  -0.3727 ],1.9459503457208218,"{'μS_ratio': 0.5653009608551897, 'μJ_ratio': 1.0559845128320235, 'νS_ratio': 0.6739373802012524, 'νJ_ratio': 0.8740929645855317, 'μH_ratio': 1.6970198994985768, 'bmax_ratio': 0.7672337712203513}"
0.11536,[ 3.08358 -0.90093 -0.40357],1.938441622278641,"{'μS_ratio': 1.2889338323280675, 'μJ_ratio': 1.264418077643209, 'νS_ratio': 1.7239716808438348, 'νJ_ratio': 1.4702971886235354, 'μH_ratio': 0.7531712359818383, 'bmax_ratio': 0.8701253336809952}"
0.12017,[ 3.04418 -0.81288 -0.29452],1.9490915083945155,"{'μS_ratio': 1.7912315579863427, 'μJ_ratio': 1.211550052865267, 'νS_ratio': 1.29047711450181, 'νJ_ratio': 0.8215415799617056, 'μH_ratio': 1.0758153324947934, 'bmax_ratio': 1.4138526388545656}"
0.11394,[ 3.07045 -0.73794 -0.25299],1.9707572705652303,"{'μS_ratio': 0.7016381491092102, 'μJ_ratio': 0.6657511147449764, 'νS_ratio': 1.000879684069161, 'νJ_ratio': 0.969197245431707, 'μH_ratio': 0.9352829797144874, 'bmax_ratio': 1.065159179834886}"
0.1143,[ 3.08144 -0.91022 -0.41508],1.9494624190781344,"{'μS_ratio': 1.1124722421675912, 'μJ_ratio': 1.3086083878421118, 'νS_ratio': 1.762962591486139, 'νJ_ratio': 1.4338137114702978, 'μH_ratio': 1.0059851931326507, 'bmax_ratio': 0.9640485333736208}"
0.11273,[ 3.06339 -0.85349 -0.46358],1.9532581646952847,"{'μS_ratio': 0.748944248466873, 'μJ_ratio': 1.2696812724731554, 'νS_ratio': 1.0528347730039762, 'νJ_ratio': 1.9854135790323628, 'μH_ratio': 1.3533567799737403, 'bmax_ratio': 1.3324639696325327}"
0.11518,[ 3.08663 -0.85286 -0.28051],1.9677334122562762,"{'μS_ratio': 1.2004790999146853, 'μJ_ratio': 0.748216757565714, 'νS_ratio': 0.6567419471928266, 'νJ_ratio': 0.7274875096417605, 'μH_ratio': 1.1978574778483497, 'bmax_ratio': 0.7875536364272183}"
0.11393,[ 3.06207 -0.69397 -0.21472],1.9933162590527822,"{'μS_ratio': 0.7515384906045159, 'μJ_ratio': 0.5062730603799421, 'νS_ratio': 0.8308771358072041, 'νJ_ratio': 0.5996483870201361, 'μH_ratio': 0.9871508430680259, 'bmax_ratio': 0.905342512357093}"
0.11323,[ 3.08932 -0.91862 -0.37106],1.9489638781014649,"{'μS_ratio': 0.9447013314915511, 'μJ_ratio': 1.0407368473665461, 'νS_ratio': 1.267534781763426, 'νJ_ratio': 1.1427670236285206, 'μH_ratio': 1.9549887937992783, 'bmax_ratio': 1.3895340912442573}"
0.11393,[ 3.07888 -0.87874 -0.3867 ],1.9258416773243707,"{'μS_ratio': 1.089462241537309, 'μJ_ratio': 1.079003685184668, 'νS_ratio': 1.203410353054387, 'νJ_ratio': 0.7300467094716316, 'μH_ratio': 0.5771149967351707, 'bmax_ratio': 1.2332408162116053}"
0.11781,[ 3.0851  -0.89026 -0.39031],1.9315567553005284,"{'μS_ratio': 1.665463307637084, 'μJ_ratio': 1.393139950735097, 'νS_ratio': 1.7477697726702124, 'νJ_ratio': 1.8464101251404164, 'μH_ratio': 1.8356342630363276, 'bmax_ratio': 1.147036465275573}"
0.11524,[ 3.0825  -0.89552 -0.39689],1.9182726875020055,"{'μS_ratio': 1.3287680972194449, 'μJ_ratio': 1.1438999184613898, 'νS_ratio': 1.8944455036615442, 'νJ_ratio': 1.6374564640061315, 'μH_ratio': 0.594482253204009, 'bmax_ratio': 1.218766530570585}"
0.11305,[ 3.07522 -0.82446 -0.3283 ],1.9538021004909163,"{'μS_ratio': 0.6753762902895516, 'μJ_ratio': 0.756319688485921, 'νS_ratio': 0.5572882866339522, 'νJ_ratio': 0.6328360789680804, 'μH_ratio': 0.7650570764184991, 'bmax_ratio': 1.3926614663809462}"
0.11665,[ 3.01183 -0.37599 -0.14688],2.0572206538177897,"{'μS_ratio': 1.0513302109239988, 'μJ_ratio': 0.5399728816824175, 'νS_ratio': 1.7101147849103442, 'νJ_ratio': 1.3721602185393362, 'μH_ratio': 0.7260715757433687, 'bmax_ratio': 0.6953257279686157}"
0.11322,[ 3.04066 -0.64124 -0.16886],2.0223633574787407,"{'μS_ratio': 0.8284128394852225, 'μJ_ratio': 0.5265342655261565, 'νS_ratio': 0.7717140428898941, 'νJ_ratio': 1.318921838399473, 'μH_ratio': 0.5753079327611427, 'bmax_ratio': 1.2842460083725389}"
0.11218,[ 3.08803 -0.92308 -0.39211],1.952855803187718,"{'μS_ratio': 0.6303605914498167, 'μJ_ratio': 1.1874202866788282, 'νS_ratio': 0.8633292062624688, 'νJ_ratio': 0.8599059983100331, 'μH_ratio': 0.8313741219029293, 'bmax_ratio': 0.7107727128706554}"
0.11428,[ 3.0627  -0.66811 -0.19221],1.9829920200565232,"{'μS_ratio': 0.5542010080484243, 'μJ_ratio': 0.511528470438964, 'νS_ratio': 0.7937300135835417, 'νJ_ratio': 0.5003918666804014, 'μH_ratio': 0.9669061925366261, 'bmax_ratio': 0.9156236074391078}"
0.12052,[ 3.03053 -0.79258 -0.26941],1.9320040987315805,"{'μS_ratio': 1.884425523263828, 'μJ_ratio': 0.9728019882931482, 'νS_ratio': 1.3754549663343476, 'νJ_ratio': 1.9602746093927488, 'μH_ratio': 1.6784308055041628, 'bmax_ratio': 1.2909399382704936}"
0.11481,[ 3.08646 -0.93723 -0.4485 ],1.9399943148992722,"{'μS_ratio': 1.3274464920693347, 'μJ_ratio': 1.941359397544837, 'νS_ratio': 0.8031239271456441, 'νJ_ratio': 0.7228588815447115, 'μH_ratio': 1.954483863669684, 'bmax_ratio': 0.6827539459305594}"
0.11221,[ 3.06238 -0.95142 -0.48939],1.9480841959032371,"{'μS_ratio': 0.9365055467679662, 'μJ_ratio': 1.7568195887650457, 'νS_ratio': 0.5671676299888708, 'νJ_ratio': 0.6697695623241364, 'μH_ratio': 1.8115463969214876, 'bmax_ratio': 1.0858486334987547}"
0.11272,[ 3.0842  -0.90403 -0.41706],1.9518170480660615,"{'μS_ratio': 0.8228433410474063, 'μJ_ratio': 1.0690898996304743, 'νS_ratio': 0.8626886653191226, 'νJ_ratio': 1.4078853868582928, 'μH_ratio': 1.0812585921971214, 'bmax_ratio': 1.4440043401760003}"
0.11852,[ 3.08149 -0.8804  -0.3781 ],1.9420683835128922,"{'μS_ratio': 1.7439409354149134, 'μJ_ratio': 1.4846423878151158, 'νS_ratio': 1.1191778567510018, 'νJ_ratio': 1.8503621057983366, 'μH_ratio': 1.2965154431655685, 'bmax_ratio': 1.0153498620262058}"
0.12093,[ 3.04743 -0.82534 -0.30992],1.9473722474351551,"{'μS_ratio': 1.949148746348053, 'μJ_ratio': 1.3310619432746185, 'νS_ratio': 1.1424625069574823, 'νJ_ratio': 1.3380938228326946, 'μH_ratio': 1.0328014531683936, 'bmax_ratio': 0.7807688928500374}"
0.11577,[ 3.08874 -0.92161 -0.42915],1.9409369571370771,"{'μS_ratio': 1.4326074727034506, 'μJ_ratio': 1.8437072057490753, 'νS_ratio': 1.7913427699573354, 'νJ_ratio': 1.760637521563574, 'μH_ratio': 1.5593846285753123, 'bmax_ratio': 0.8318876499119909}"
0.11329,[ 3.07582 -0.94799 -0.46184],1.945795432452361,"{'μS_ratio': 1.1005682773446326, 'μJ_ratio': 1.547781120147543, 'νS_ratio': 1.0835606350187101, 'νJ_ratio': 1.7291475247809576, 'μH_ratio': 1.3977434793322066, 'bmax_ratio': 0.6763645137200449}"
0.11484,[ 3.08022 -0.758   -0.26631],1.9338013950335706,"{'μS_ratio': 1.1116770778286411, 'μJ_ratio': 0.719390925060979, 'νS_ratio': 1.6479359740772639, 'νJ_ratio': 1.5594918102924287, 'μH_ratio': 0.5572488222239397, 'bmax_ratio': 1.363478384997357}"
0.11534,[ 3.08794 -0.79991 -0.25469],1.9661028658744164,"{'μS_ratio': 1.1415442318776925, 'μJ_ratio': 0.7485756711576811, 'νS_ratio': 1.360744054351718, 'νJ_ratio': 1.9154285825573676, 'μH_ratio': 1.215230541574001, 'bmax_ratio': 0.7543401160077395}"
0.11291,[ 3.07052 -0.90418 -0.45814],1.9503317673501495,"{'μS_ratio': 0.9210327977868052, 'μJ_ratio': 1.665097486712227, 'νS_ratio': 1.3375362820412584, 'νJ_ratio': 0.8833581492576769, 'μH_ratio': 1.798120208515419, 'bmax_ratio': 0.7103401517503163}"
0.11841,[ 2.97894 -0.88351 -0.28676],1.9286329414041659,"{'μS_ratio': 1.6876511911133643, 'μJ_ratio': 1.037233453265496, 'νS_ratio': 1.3667313199245086, 'νJ_ratio': 1.093672274853986, 'μH_ratio': 0.670923490587499, 'bmax_ratio': 0.9459724927115051}"
0.1137,[ 3.07833 -0.8898  -0.41453],1.9390523055602151,"{'μS_ratio': 1.02258940025194, 'μJ_ratio': 1.2649490650342865, 'νS_ratio': 1.6225334154288324, 'νJ_ratio': 0.9920479776909623, 'μH_ratio': 0.6592519354762367, 'bmax_ratio': 0.8258135814068854}"
0.11257,[ 3.05946 -0.85919 -0.47676],1.9589438741764116,"{'μS_ratio': 0.7030800918285487, 'μJ_ratio': 1.3670432482828527, 'νS_ratio': 0.5509175677145113, 'νJ_ratio': 1.040517582637794, 'μH_ratio': 1.2288793133548745, 'bmax_ratio': 1.005928563229011}"
0.11329,[ 3.06417 -0.73691 -0.2521 ],1.9163065365520586,"{'μS_ratio': 0.5009897232329857, 'μJ_ratio': 0.6859951801991563, 'νS_ratio': 0.8446872677892499, 'νJ_ratio': 0.7283547352733135, 'μH_ratio': 0.5034313152321391, 'bmax_ratio': 0.7949191532889872}"
0.11471,[ 3.08344 -0.91488 -0.42084],1.9455147872374299,"{'μS_ratio': 1.2117515824882943, 'μJ_ratio': 1.5755067659094057, 'νS_ratio': 1.3274819509357996, 'νJ_ratio': 0.7313151275802489, 'μH_ratio': 1.5605891246128416, 'bmax_ratio': 0.6905632425627395}"
0.11623,[ 3.11469 -0.95074 -0.2118 ],2.009304586241695,"{'μS_ratio': 1.5013111620744461, 'μJ_ratio': 0.7541454428573087, 'νS_ratio': 0.7558771283823679, 'νJ_ratio': 0.501018288934622, 'μH_ratio': 1.1627295492787009, 'bmax_ratio': 0.7277825047648105}"
0.11735,[ 3.08881 -0.903   -0.40609],1.9378842838771233,"{'μS_ratio': 1.6549789388484093, 'μJ_ratio': 1.8183209853702222, 'νS_ratio': 1.1159068829870145, 'νJ_ratio': 1.5741843938668105, 'μH_ratio': 1.9464413257652837, 'bmax_ratio': 0.7608563771887784}"
0.11658,[ 3.0825  -0.88648 -0.38567],1.9364818090685476,"{'μS_ratio': 1.4533188481524122, 'μJ_ratio': 1.2241537324251617, 'νS_ratio': 1.394025121257668, 'νJ_ratio': 1.5364409619307313, 'μH_ratio': 1.5127988985497725, 'bmax_ratio': 1.0206045716236183}"
0.11578,[ 3.09888 -0.89225 -0.24988],1.9677360355931592,"{'μS_ratio': 1.3071774888304262, 'μJ_ratio': 0.7974171172119096, 'νS_ratio': 1.9200571158494506, 'νJ_ratio': 1.0196617079361807, 'μH_ratio': 0.8391472815283608, 'bmax_ratio': 0.8631940995772175}"
0.11333,[ 3.07374 -0.80433 -0.31077],1.922292762289365,"{'μS_ratio': 0.9490913849907804, 'μJ_ratio': 0.6608750254984841, 'νS_ratio': 0.8945897811401109, 'νJ_ratio': 0.5108642975734646, 'μH_ratio': 0.514987359638467, 'bmax_ratio': 0.8180332487287028}"
0.11324,[ 3.07546 -0.92339 -0.4477 ],1.9539965517134468,"{'μS_ratio': 0.9863940401018384, 'μJ_ratio': 1.7543809241751094, 'νS_ratio': 1.8048081695865767, 'νJ_ratio': 1.1824292326092238, 'μH_ratio': 1.215499400683189, 'bmax_ratio': 1.2228018893156034}"
0.11381,[ 3.07835 -0.88076 -0.39628],1.9492266484874006,"{'μS_ratio': 0.9823886099756067, 'μJ_ratio': 1.1949022171024466, 'νS_ratio': 1.1250177265594492, 'νJ_ratio': 0.6441408537337421, 'μH_ratio': 1.6233440659327645, 'bmax_ratio': 0.7486935808505564}"
0.11399,[ 3.07911 -0.87748 -0.38257],1.942738801460681,"{'μS_ratio': 1.0516217209346812, 'μJ_ratio': 0.9671668850787639, 'νS_ratio': 0.8275666629389407, 'νJ_ratio': 1.1547498362067234, 'μH_ratio': 1.7175242960725072, 'bmax_ratio': 0.7214886449318167}"
0.11323,[ 3.06166 -0.73204 -0.24786],1.9548769461557984,"{'μS_ratio': 0.595683423673217, 'μJ_ratio': 0.5558064032308386, 'νS_ratio': 0.5618868923594132, 'νJ_ratio': 0.5888197371036189, 'μH_ratio': 0.6262361694293249, 'bmax_ratio': 1.1098855618439631}"
0.11697,[ 3.08523 -0.89417 -0.39517],1.9410873756645803,"{'μS_ratio': 1.512454783501846, 'μJ_ratio': 1.3253324346832545, 'νS_ratio': 1.4373181813129072, 'νJ_ratio': 1.8419948215667137, 'μH_ratio': 1.0697507389090946, 'bmax_ratio': 0.8111732238773248}"
0.11929,[ 3.05805 -0.83197 -0.31816],1.948504960288216,"{'μS_ratio': 1.7080341621154973, 'μJ_ratio': 1.3609572955760276, 'νS_ratio': 0.9154478488402259, 'νJ_ratio': 0.6480702270415185, 'μH_ratio': 0.8899718900318485, 'bmax_ratio': 1.1357674931539326}"
0.11478,[ 3.08572 -0.93158 -0.44146],1.941140344081776,"{'μS_ratio': 1.2920419364182063, 'μJ_ratio': 1.8723172063078022, 'νS_ratio': 1.1730283804826687, 'νJ_ratio': 0.7560289306521092, 'μH_ratio': 1.903471771291743, 'bmax_ratio': 1.3593185809891886}"
0.11201,[ 3.08394 -0.91804 -0.42259],1.941086097885831,"{'μS_ratio': 0.7486021853780542, 'μJ_ratio': 1.1932725859086872, 'νS_ratio': 0.6060040031291414, 'νJ_ratio': 0.5185689891383022, 'μH_ratio': 0.6456220032264872, 'bmax_ratio': 1.2604186167314084}"
0.11301,[ 3.0718  -0.90761 -0.45435],1.9460480888705962,"{'μS_ratio': 0.9610739682776511, 'μJ_ratio': 1.506941733669937, 'νS_ratio': 1.7574091110105932, 'νJ_ratio': 1.6820950667780359, 'μH_ratio': 1.7473643558599663, 'bmax_ratio': 1.1742615443256006}"
0.11288,[ 3.06781 -0.77993 -0.28955],1.9357801793378127,"{'μS_ratio': 0.5806280468083649, 'μJ_ratio': 0.637393773398096, 'νS_ratio': 0.5111927901741109, 'νJ_ratio': 0.5324008655850725, 'μH_ratio': 0.5779587460651159, 'bmax_ratio': 1.230020602045818}"
0.11743,[ 3.08988 -0.90465 -0.40812],1.9389572222854237,"{'μS_ratio': 1.6294868650784773, 'μJ_ratio': 1.921583873671726, 'νS_ratio': 1.8867523378467632, 'νJ_ratio': 1.2733199903897334, 'μH_ratio': 1.6140585703532748, 'bmax_ratio': 0.6899599740633936}"
0.11306,[ 3.07158 -0.87316 -0.44202],1.9523613540240723,"{'μS_ratio': 0.8454475485209481, 'μJ_ratio': 1.3020249529911758, 'νS_ratio': 1.348417102943077, 'νJ_ratio': 1.435078840916977, 'μH_ratio': 0.8138438844501884, 'bmax_ratio': 0.9437569172208504}"
0.11554,[ 3.09989 -0.92074 -0.27243],1.9643107598147267,"{'μS_ratio': 1.3234841379678448, 'μJ_ratio': 0.85372529574352, 'νS_ratio': 1.199447342552035, 'νJ_ratio': 0.6054984017799389, 'μH_ratio': 1.4380246264723857, 'bmax_ratio': 1.0731688322071515}"
0.11568,[ 3.18277 -1.09657 -0.222  ],2.0571868309318044,"{'μS_ratio': 1.6612758760091217, 'μJ_ratio': 0.8631231299543406, 'νS_ratio': 1.2043390261749876, 'νJ_ratio': 0.6959720904343112, 'μH_ratio': 1.2939621137790256, 'bmax_ratio': 0.8555406372264761}"
0.11179,[ 3.09252 -0.94404 -0.39404],1.9420470788716,"{'μS_ratio': 0.769378681843291, 'μJ_ratio': 0.9997982636400442, 'νS_ratio': 0.5417165149242458, 'νJ_ratio': 0.5802476172615723, 'μH_ratio': 0.6382296585073757, 'bmax_ratio': 1.3061365729104861}"
0.11533,[ 3.0849  -0.7839  -0.25264],1.9747122204301462,"{'μS_ratio': 1.1820976712474804, 'μJ_ratio': 0.6350047130940587, 'νS_ratio': 0.6124242848167805, 'νJ_ratio': 0.6356910622863169, 'μH_ratio': 0.7742944649735388, 'bmax_ratio': 0.8464795573238325}"
0.11382,[ 3.07877 -0.88493 -0.40113],1.9483587955978652,"{'μS_ratio': 0.9884429489960702, 'μJ_ratio': 1.1452195245632684, 'νS_ratio': 1.3708142977772066, 'νJ_ratio': 1.119475580311243, 'μH_ratio': 0.7973853606872506, 'bmax_ratio': 0.7281507222020978}"
0.11732,[ 3.08519 -0.89237 -0.39293],1.939479976415551,"{'μS_ratio': 1.5851010879244218, 'μJ_ratio': 1.8331593665507753, 'νS_ratio': 0.8028106890985224, 'νJ_ratio': 0.5980798454306847, 'μH_ratio': 1.7309649473851283, 'bmax_ratio': 1.3732610350937542}"
0.1137,[ 3.07635 -0.8158  -0.31735],1.9409065166361315,"{'μS_ratio': 0.9476016194371973, 'μJ_ratio': 0.7084548876131297, 'νS_ratio': 0.7340354500441705, 'νJ_ratio': 0.5550948334901804, 'μH_ratio': 0.614376739656024, 'bmax_ratio': 0.7954787752434054}"
0.11828,[ 3.05257 -0.74212 -0.28052],1.9438944781960548,"{'μS_ratio': 1.5243572163485877, 'μJ_ratio': 0.8486411561231451, 'νS_ratio': 0.8050047484641227, 'νJ_ratio': 1.4186770914012294, 'μH_ratio': 1.651466698926399, 'bmax_ratio': 0.9341832570585812}"
0.11457,[ 3.08089 -0.8887  -0.38929],1.940866066783645,"{'μS_ratio': 1.151157578276829, 'μJ_ratio': 1.0565267509270737, 'νS_ratio': 1.1490896122991296, 'νJ_ratio': 1.4286438135657131, 'μH_ratio': 1.5576798723804695, 'bmax_ratio': 0.6811034516645682}"
0.11219,[ 3.06544 -0.79023 -0.29852],1.926186954186593,"{'μS_ratio': 0.6314617417059031, 'μJ_ratio': 0.6449761052876359, 'νS_ratio': 0.5039008115615217, 'νJ_ratio': 0.9578127532179572, 'μH_ratio': 0.5110564080484679, 'bmax_ratio': 1.4647269834974295}"
0.11276,[ 3.08592 -0.91536 -0.40027],1.9512534034334357,"{'μS_ratio': 0.8421542808664152, 'μJ_ratio': 1.2278695660109424, 'νS_ratio': 1.1201513264024805, 'νJ_ratio': 0.6508650392121745, 'μH_ratio': 1.5560916315696014, 'bmax_ratio': 1.154030971145533}"
0.11315,[ 3.07878 -0.86468 -0.36043],1.9559982288889723,"{'μS_ratio': 0.7725759441385267, 'μJ_ratio': 0.93062736946102, 'νS_ratio': 0.8015684638001559, 'νJ_ratio': 0.6503040039460132, 'μH_ratio': 0.8755260483127074, 'bmax_ratio': 1.2496565991249484}"
0.11731,[ 3.08185 -0.88262 -0.38087],1.947366925015121,"{'μS_ratio': 1.5310230949071373, 'μJ_ratio': 1.561487094921262, 'νS_ratio': 0.7846591111438703, 'νJ_ratio': 0.7396487504999372, 'μH_ratio': 1.087280546689307, 'bmax_ratio': 0.6874795287919725}"
0.11625,[ 3.00726 -0.33801 -0.14112],2.0885107325739627,"{'μS_ratio': 0.9418598572447303, 'μJ_ratio': 0.5505162874147723, 'νS_ratio': 1.217307433772437, 'νJ_ratio': 1.7817361719518316, 'μH_ratio': 0.9203027353408246, 'bmax_ratio': 1.1768028710991698}"
0.11514,[ 3.07468 -0.84574 -0.36342],1.9495753865517866,"{'μS_ratio': 1.1659817243373767, 'μJ_ratio': 0.9525156269372319, 'νS_ratio': 0.5847610185171848, 'νJ_ratio': 0.8294977861043497, 'μH_ratio': 1.2504025967020054, 'bmax_ratio': 1.0035597331609192}"
0.1128,[ 3.06873 -0.91761 -0.46552],1.947706987574025,"{'μS_ratio': 0.9696493498869084, 'μJ_ratio': 1.9280843765524565, 'νS_ratio': 1.6531361141001852, 'νJ_ratio': 1.8818396219137274, 'μH_ratio': 1.6836259964960272, 'bmax_ratio': 0.9201151288459012}"
0.11291,[ 3.06854 -0.77937 -0.28906],1.9311076248150019,"{'μS_ratio': 0.5581348543948914, 'μJ_ratio': 0.7309482301100275, 'νS_ratio': 0.6524798909559353, 'νJ_ratio': 1.275101783640125, 'μH_ratio': 0.5679953408156649, 'bmax_ratio': 1.2700219213406712}"
0.11251,[ 3.06833 -0.96169 -0.4788 ],1.9508462805735702,"{'μS_ratio': 0.9880310485854319, 'μJ_ratio': 1.7118827164776094, 'νS_ratio': 0.6436942912200765, 'νJ_ratio': 0.8533774922942787, 'μH_ratio': 1.3583896069738186, 'bmax_ratio': 1.0550201116090117}"
0.11218,[ 3.06239 -0.97885 -0.50005],1.9531301458857615,"{'μS_ratio': 0.9947331221003987, 'μJ_ratio': 1.961144582314565, 'νS_ratio': 0.5277291100210104, 'νJ_ratio': 1.0339692240721767, 'μH_ratio': 1.1817972988196463, 'bmax_ratio': 1.258834214045411}"
0.11414,[ 3.0794  -0.84716 -0.32273],1.95418927965161,"{'μS_ratio': 0.9953684221845077, 'μJ_ratio': 0.793978840974514, 'νS_ratio': 0.7271213074820781, 'νJ_ratio': 0.5210730332300939, 'μH_ratio': 0.7712985754230107, 'bmax_ratio': 1.0170635941343376}"
0.11332,[ 3.07625 -0.82214 -0.32628],1.9511921508787018,"{'μS_ratio': 0.6043673740493469, 'μJ_ratio': 0.8810165838797822, 'νS_ratio': 1.1140852886755734, 'νJ_ratio': 1.8461353243560916, 'μH_ratio': 1.0487668466865383, 'bmax_ratio': 1.2898008262855538}"
0.11403,[ 3.07062 -0.73634 -0.25159],1.9412312136676964,"{'μS_ratio': 0.9542155279198097, 'μJ_ratio': 0.6108218552819135, 'νS_ratio': 1.4134106896222711, 'νJ_ratio': 0.7586246565390343, 'μH_ratio': 0.5467885518653869, 'bmax_ratio': 0.8701381922520861}"
0.11582,[ 3.08292 -0.89212 -0.39266],1.949209469205929,"{'μS_ratio': 1.3042521395853086, 'μJ_ratio': 1.391906985571815, 'νS_ratio': 1.357869182391956, 'νJ_ratio': 0.8360394264975562, 'μH_ratio': 1.0621707307467887, 'bmax_ratio': 0.9427960585722082}"
0.11455,[ 2.97081 -0.38474 -0.15802],1.999397470473987,"{'μS_ratio': 0.7314760042276559, 'μJ_ratio': 0.5173746947363252, 'νS_ratio': 1.3883489419257344, 'νJ_ratio': 1.3732728984702234, 'μH_ratio': 0.5032181870213764, 'bmax_ratio': 1.2537000452110387}"
0.11408,[ 3.08002 -0.88525 -0.39083],1.9456097909060064,"{'μS_ratio': 1.0376664073933772, 'μJ_ratio': 1.0061241983387883, 'νS_ratio': 1.2112884160011526, 'νJ_ratio': 1.9422144985709022, 'μH_ratio': 0.9325687668011574, 'bmax_ratio': 1.280326981236698}"
0.11552,[ 3.17772 -1.0957  -0.22983],2.058661173815103,"{'μS_ratio': 1.6297455715259468, 'μJ_ratio': 0.8741946731619906, 'νS_ratio': 0.9851802014359903, 'νJ_ratio': 0.7039428222293448, 'μH_ratio': 0.950841715168848, 'bmax_ratio': 0.6692761622732535}"
0.11296,[ 3.0793  -0.87072 -0.36781],1.9517587978682225,"{'μS_ratio': 0.7544791500152545, 'μJ_ratio': 1.0148598061465124, 'νS_ratio': 0.8809319561393836, 'νJ_ratio': 0.5050364493538919, 'μH_ratio': 1.6145186689283628, 'bmax_ratio': 1.4519805768688543}"
0.11393,[ 3.05298 -0.64236 -0.16981],1.9791798972303165,"{'μS_ratio': 0.5628980175788082, 'μJ_ratio': 0.5227121065886557, 'νS_ratio': 1.0690991665376466, 'νJ_ratio': 0.7160726970853997, 'μH_ratio': 0.6437124581760341, 'bmax_ratio': 0.8205300875107842}"
0.11954,[ 3.07    -0.85784 -0.35016],1.9422245776304037,"{'μS_ratio': 1.847767554554467, 'μJ_ratio': 1.419206663567646, 'νS_ratio': 1.0010667405871707, 'νJ_ratio': 1.6508248621267563, 'μH_ratio': 1.3761308298808346, 'bmax_ratio': 0.7782814432421702}"
0.11405,[ 3.07985 -0.87044 -0.36276],1.950918746375971,"{'μS_ratio': 0.9863892011833824, 'μJ_ratio': 0.9444740501769278, 'νS_ratio': 1.2214120865275162, 'νJ_ratio': 1.4238600602581843, 'μH_ratio': 1.0854155448594185, 'bmax_ratio': 1.2868979656624533}"
0.11386,[ 3.07964 -0.87253 -0.36871],1.9255586758668082,"{'μS_ratio': 1.0604927907131247, 'μJ_ratio': 0.9256504126338113, 'νS_ratio': 1.4225264477953645, 'νJ_ratio': 1.7167891399182005, 'μH_ratio': 0.6038406297556301, 'bmax_ratio': 0.8400692993308903}"
0.11232,[ 3.07609 -0.94065 -0.45367],1.9451591960297336,"{'μS_ratio': 0.908957040988553, 'μJ_ratio': 1.5606306177903269, 'νS_ratio': 1.8034247958063223, 'νJ_ratio': 1.8112808251113806, 'μH_ratio': 1.9359070031895007, 'bmax_ratio': 0.8359638745051353}"
